author,upvotes,body
Asswad123,6587,Reddit and Twitter: â€œthatâ€™s not enoughâ€
Bartins,2195,Dude is a nut job but he is getting shit done. Respect for that.
PabFOz,1774,"Plus, the red pill boys in the bubble are making his past remarks look pretty harmless."
querceton,974,"The man actually backs up all his talk of activism. 

Kyrie for the people. Heâ€™s a good dude no matter what you think of what he says to the media."
maplesyrupandwaffles,725,"I'm going to get downvoted for this, but everyone in Kyrie threads creates straw mans and shits on Reddit for not giving Kyrie enough credit. 

but no one in the threads about the good work Kyrie is doing says this shit in the first place.

good for you Kyrie man, keep it up. doing good work for the community. but why can't we just focus on the good parts instead of tearing Kyrie/each other down?

edit: completely agree with comments, Kyrie does say some really stupid shit and he deserves criticism for that. he shouldn't get criticized for charity work because he says questionable things."
shifter2009,217,He reminds me a bit of Cam Newton where he will occasionally say something dumb and show his ass but is really trying to help the community. Hearts in the right place but isn't perfect. Can't hate on him too much.
Rah_Rah_RU_Rah,213,Kyrie is one of the better guys in the NBA and it's time people respect that
hesipullupjimbo22,167,The figurative definition of putting your money where your mouth is. Good on you kyrie
allmyaccsarebanned,121,Reddit: he didn't even personally invade china tho
loadedryder,87,"Iâ€™ll say what Iâ€™ve always said: Kyrie is not the brightest guy in the league and deserves criticism for the stupid shit he says, but heâ€™s always seemed like he has good intentions. Clearly, heâ€™s a compassionate person and that deserves to be commended. Heâ€™s done more for his community in the last few months than many NBA athletes have ever done for theirs. 

You take the good with the bad in some people, Kyrie definitely being one of them."
BassBuster,61,The flat earth shit was dumb but he said what needed to be said about China and now heâ€™s doing this stuff. Huge props to the guy
lml__lml,36,"I'm glad to have him on our human team, even if it didn't work out between him and my Celtics."
GodzillaSundae,14,What the hell do WNBA players need the money for?? Americans that make less than 50k a year need that money much more.
-super-hans,15,"Damn Kyrie, why you goin being all likable and shit?  Especially when Dame and other likeable players are posting conspiracy nonsense?"
hidden09,12,WNBA: Only $1.5m? We deserve more than that. Put some respect on our league or keep your money to yourself!!
Persianboy7thst,11,This will get less attention than anything dumb Kyrie does
dezthompson,10,Look at Kyrie man. He's really out here practicing what he preaches. Respect
ladyinwaiting33,9,Good on you Kyrie.
Baelmont,9,"I like how he donated Beyond Burgers as well, considerate of all diets!"
5ive5tar,6,goat
_ProdiG_,8639,He had that one stored up for a couple days now ahahahah
fourpinz8,3228,I missed these guys.
Eric_T_Meraki,1899,"The biggest winner in all this is Magic City, they haven't gotten this much free PR since crunk was still a thing."
Fuck_Jesus_,1590,I've always been a breast man myself.
StraightCashH0mie,1229,"I tried the Magic City Wings yesterday Since it was National Chicken Wing Day (or so I've been told, I was just craving some wings ~~today~~ yesterday.) I've decided to try out the Magic City Kitchen's chicken wings that got my fellow Gwinnettian LouWill in some hot water. I've also compared it to one of my favorite local chicken wing joint Little Rey (its a contemporary Mexican restaurant but their wings are superb).

[Imgur Album](https://imgur.com/a/ThyWHkA)

Ordering process: I originally wanted to have the wings delivered through postmates but since they blew up they were only accepting in person order at the moment. So I bit the bullet and went to the club to order. 

Parked my car and entered through the front door, the bouncer greeted me and patted me down after taking my forehead temperature. As you enter the club, the kitchen is on the left side of the entrance, and you order your food through the small window. Ordered 10 pieces mix of Lou Will Lemon Pepper + Juju Rude Boy Jerk with the fries. The wait time was an hour so rather than spending the time waiting for the wings to come out, I decided to pick up my ""control"" in this review from Little Rey: six piece wings. Drove back to Magic City to pick up my wings and went back home. Also gave two dollars to the random drifter at the Magic City parking lot.

Comparing the price between the restarants:

Establishment | Magic City Kitchen | Little Reys
---|---|----
Price | $18.36 ($21 after tip) | $9.75 ($11 after tip)

 
[This](https://imgur.com/mhcIYvP) is the [10 pieces from Magic City](https://imgur.com/NxPJBvI). I am not gonna lie to you, I was disappointed by the sizes of the wings, especially for 18 dollars. I've worked at a chicken wing place before and this was the smallest chicken wings I've been served by far. The wings themselves were pretty good as the sauce was coated evenly and while the breading was too crispy for my preference, it wasn't bad. [Picture in hand](https://imgur.com/lG2BaYT).

My [""Control Wings""](https://imgur.com/6noZu1v) from Little Reys were great as always. The smoky flavor along with the subtle heat from the chile seasoning were great. Crushed fried peanut sprinkled on top added a nutty flavor that complimented the juicy wings well. [Picture in hand](https://imgur.com/yKZFtBu). 

Here is the [side by side size comparison](https://imgur.com/zOqINgB) of the wings themselves. 

My verdict: I think if you are going to have the Magic City Chicken wings, takeout doesn't make much sense. Price point makes sense if you are eating at the strip club, but otherwise there are way better venues in Atlanta to get tastier wings (JR, DBA, Sweet Auburn to name a few). 

p.s. wings aside, I didn't feel comfortable waiting around inside the club. The ventilation was bad, not everyone was wearing mask including some kitchen staff, lots of blunt smokes, etc. It was one of the reason I left after placing an order to pick up the second set of wings. Naked girls themselves were alright I guess.

Edit: Whatever your name is, thank you for the ~~bracelet~~ platinum. I had to do it for the people of r/nba so you guys didn't have to."
arenasfan00,749,NBA isnâ€™t even back yet and Chuck is already saying some crazy shit lmao
slurpthis,490,"I'll never understand the appeal of strip clubs. ""Yo, let's pay to stare at naked women and hang out with our dicks hard."" It's a step away from watching porn with your bros."
papatomtom,198,Flappers? Wtf
srsblack7,135,When Shaq asks you to repeat the joke you know you got a hit
ButFirstPearlJam,123,He had that 'Bacon and Legs' breakfast hitta
NotYourAverageWaffle,79,Still laughing at how far apart these guys are spread out.
medical_cat,47,Mina Kimes made the joke first
chelmg777,38,We back baby
2016Winner,32,What did he say Kenny?
MysticKnives,22,Lou was just a dumbass regardless of why he went in
Handsome_Jam,21,Lou also reads Playboy for the articles.
IAmReborn99999,13,Damn man. These extra wide shots are throwing me off.
dinqi123,10,You know you made a good joke when Shaq makes you repeat it
anandonaqui,9,Imagine if Lou Will went to a club in San Antonio
stopppppppppppp,8,we should all have a hype man like shaq in our lives
,1507,"Thereâ€™s supporting the movement and thereâ€™s supporting the organization. 

I support the movement, and the grassroots individuals who recognize that change needs to be made and want to help. but the people running the organization have their own motivations that have unfortunately strayed from the original point. 

While not nearly as awful as the need for this kind of movement existing in the first place is, itâ€™s disappointing that a lot of the donations people make wanting to improve situations in their local community are being swept away and funnelled into another bastardized political organization. 

Iâ€™m not going to pretend to be an expert or know the inner workings of the organization, but if you think Iâ€™m just some asshole detractor, think about how many powerful people and corporations have recently pledged a shit ton of money to BLM, and then look into what that money actually goes to...cause I hate to say itâ€™s not going into the communities."
TomChristmas,1497,With the picture of him yelling for affect
420Minions,848,Nominee for brigaded thread of the year
KDL2000,371,Draymond Green bout to pull up
Ghadhdhdhh,320,Oh boy...time to jump into these comments.
atlfirsttimer,298,All lives matter brigade incoming
YellowUmbrellaFella,297,"Suburbs in full force today. 

I see those Lakers flairs, homies."
swrighttt,298,here comes the dogwhistlers angrier at whatever they think marxism is instead of the systemic racism and classism embedded within their country
Deathbackwards,220,"Even if you are super anti BLM, why even let a basketball coachâ€™s opinion rile you up on the matter? Not like it affects the season or your views in any way."
,224,[removed]
materics,212,Hong Kong lives matter
kidkuro,188,These comments...holy shit this sub is truly the worst online NBA fan community I've ever seen.
Cipher32,116,"Fragile right wingers brigading, whatâ€™s new? 

Not a single source to back your whataboutism logical fallacy about BLM.

Iâ€™d love for one these cowardly children to actually explain what they think Marxism is."
sappy17389,107,Talk to em Pop
,103,[deleted]
brydondirty,85,"This whole thread is garbage. Fuck off, racists.


Kudos to Pop."
dawen_shawpuh,79,I think the problem with some people is the organization is just a democratic fund. I think if athletes want to help their activism they need to show that the organization is corrupt and maybe promote an organization that actually helps communities. Also if some activists werenâ€™t openly antisemetic that would also help
james_randolph,70,We live in a racist country.
inshamblesx,58,r/nba/controversial
NicClaxtonIsHotAF,57,Pop donâ€™t miss
isaacz321,3306,"the statistical evidence is just conclusive man, well done.  lebron's about to mention you on instagram"
And_So_It_Goes___,2295,"Top Tier shit post. Have some gold. I can't afford to give you any, but to the Top you go."
24cupsandcounting,1235,Clippers staff lobbying for more Mexican nights in the cafeteria and more games on Tuesday
doobie3101,992,"Wouldnâ€™t his Wednesday games be more affected by his Taco Tuesdays?

Or is it the anticipation of tacos that hurts his productivity?"
iksnet,391,Letâ€™s taco bout it
ProteusBound,234,"> Everyone thought LeBronâ€™s biggest weakness was his hairline. Turns out, itâ€™s tacos.

I guess I have to return these books to the library now since I've just witnessed the apotheosis of the written word."
ProvokedMouse29,217,">Americans have taco bell


That was enough to get my upvote"
ZandrickEllison,190,"You've certainly developed your own brand and your own niche with these posts -- well done, ya nutto."
DLosChestProtector,188,"""I will take my talents and make a run for the border."""
YoMrPoPo,87,"A D V A N C E D

A N A L Y T I C S"
anotveryseriousman,77,There's a place near me that does a deep-fried cheeseburger. Is that a taco?
ILikeBigBidens,70,"I think your analysis is flawed. You need to look at LeBron's performance on Wednesdays, when the tacos have been digested and assimilated into his body. This paints a very different story. LeBron suffers on Tuesdays because at that point, his body has been deprived of tacos for an entire week."
HelplessBrownsFan,67,Wouldn't expect anything less from the guy who successfully proved that James Harden's performance is tied to strip club quality. Someone get this man a job in analytics
DidiGreglorius,51,I was moderately enjoying the post until I saw â€œhow the Tacos have turnedâ€ and then I just fucking lost it for some reason
bman8,29,I never knew I wanted this analysis until I read this post.
yourmomsfav-commie,25,I donâ€™t feel too good
Jalinja,21,But he's better on Wednesdays because of the tacos. Maybe he's worse on Tuesdays because they haven't been digested yet.
The16th,22,Didn't someone already do this last year?  https://www.reddit.com/r/nba/comments/ccp7mu/oc_lebron_james_taco_tuesday_stats_breakdown/
GR00VY_Q,12,"I wish I could compile data of people from Houston gatekeeping tacos.

Not saying they donâ€™t know their tacos but..."
Quality_Cucumber,7,https://www.reddit.com/r/nba/comments/es1jfm/oc_lebron_james_is_more_selfish_on_taco_tuesdays/?utm_source=share&utm_medium=ios_app&utm_name=iossmf
GetsTheAndOne,5243,"Damn, trump sounds like a snowflake to me."
Good_NewsEveryone,5170,Are we pretending he watched basketball before this?
klobucharzard,1400,"trumps got a fatter ass than lowry, would be devastating down low if he had a bit of speed"
Balls_of_Adamanthium,874,"Btw this is after Trump tweeted this 



>Looking forward to live sports, but any time I witness a player kneeling during the National Anthem, a sign of great disrespect for our Country and our Flag, the game is over for me!




Yeah but Russians putting bounties on Troops isn't disrespectful enough. 10 bucks this old coot couldn't name a single player on the Grizzlies. Good fucking riddance you draft dodging clown."
PFhelpmePlan,662,Dodging the draft by faking medical history is a sign of great disrespect.
HueyFr,568,Hayward punching the air
sunjeethc,518,"All politics aside, and coming from a person who usually doesn't wade into political debates at all, I still don't understand what's disrespectful on kneeling. I feel like it's a good way to protest peacefully. I mean if someone was disrespectful there are other things to do other than kneel."
SuperHobbit,443,"Is Mike Pence going to waste tax payer money by going to Orlando, doing a 10 day quarantine, showing up to a game only to walk out?"
sandy_mcfiddish,356,I think he quit watching once Donald Sterling left
herooftime7,235,trump = ballsack
MileHighCam,117,"ðŸ¤£ðŸ¤£ðŸ¤£ as a black dude i was watching the games last night wishing i could see a live feed of racist trump supporters punching the air every time they showed ""black lives matter"" on the back of a jersey ðŸ¤£ðŸ¤£"
mrcpayeah,109,"conservatives: I don't want politics in sports, I just want to watch the game....

liberals: okay, get rid of the anthem and the armed forces celebrations during sporting events.

conservatives: how disrespectful not to have the anthem and military as part of games!"
chaoism,103,"Go vote, guys."
Hankerton14,86,Please make sure all of us here vote
Ron_Fuckin_Swanson,38,"He doesn't have the attention span to watch an single quarter, much less an entire game"
larrycorser,29,Dont worry JJ most of us Americans dont care about him either. NBA if life
WubaDubImANub,30,"I used to be anti kneeling but over the past few months I changed my mind and became pro kneeling.

I mean personally, I donâ€™t like it myself and Iâ€™ll stand to respect the flag, but Iâ€™m not going to be outraged and boycott the NBA if others do. Theyâ€™re just kneeling during a song, it ainâ€™t harming no one and Iâ€™ve got better shit to worry about."
TakeTheQuickTwo,24,"Frankly, now that kneeling is being done by the entire teams and leagues, I feel like the outrage over it is going to be virtually nonexistent"
vizzlypoof,29,I'm just gonna say it. I don't care that you broke your elbow.
Cipher32,26,Fuck Donald Trump and his fragile little supporters brigading this subreddit.
ty9023,4368,Good job Kyrie
Uberlox,1029,"Love this and glad he's able and willing to help out, but its sad that it has to be funded like this"
sleepy416,917,Look at Kyrie man
unrulystowawaydotcom,855,"Me every other week:

Kyrie is a bonehead...

Kyrie is a cool guy...

Kyrie is a bonehead..."
Evilsj,424,"Glad he's using his time away from the team to help out. Dude might be a bit weird on some subjects, but he always seems like he's a well meaning guy just trying to do right."
moses_lawn,286,"Kyrie shouldn't have to do this, but damn decent of him."
TheSkorcher13,206,Really cool gesture. This means a lot considering how little some WNBA players get paid. A lot faced pressure to have to play because they need the $.
BigPPSmolPPAllPP,99,"Kyrie has always been a real good guy, yes his whole â€˜wokeâ€™ personality may be weird at times but he has always been quite nice."
CHillTookMyShins,57,More proof that this is the best country in the world. When you're already overpaid and get even more handouts.
Modal_Window,54,Thank you Kyrie.
Ap125679,36,Just a friendly reminder to sort by controversial
Yojimbo4133,27,"1.5 million, given the salary of the WNBA, how many players would that cover?

Also how come WNBA is always needing handouts?"
cabbeer,29,"Actions speak louder than words, Kyrie might say some stupid fuckin shit , but it seems like his heart is in the right place"
jaynap1,25,NBA players have been indirectly subsidizing the league for 20+ years anyway. This just cuts out the middle man.
BossManApex,24,A lot of people here don't realize that the average WNBA salary is $116k. They are underpaid (debatable) relative to NBA players but they are in no way struggling the way people like to paint it
themariokarters,19,Sheâ€™s not gonna see this bro
FatherJohnMoist,21,"Imagine making $100k per year and getting a handout from Kyrie even though you are literally the lowest risk demographic for covid complications...

Meanwhile fast food workers donâ€™t have insurance, largely have risk factors, make minimum wage, and are considered essential workers."
HungJudge,19,But this sub told me Kyrie was a selfish asshole
Mecmecmecmecmec,16,What about all the poor people with no profile?
CanIShowYouMyLizardz,14,"That's fucking awesome! 

Also good on the wnba players for dedicating their season to Breana Taylor and putting her name on their jerseys. It's a more coherent and better message than any sports league has done so far in response to the protests."
abaughma44,5748,"i cant believe we are going back to the regular season tomorrow, this is crazy"
SquimJim,2290,"Other than some not so smart instances by some players, the NBA has been owning this thing"
Ye_Biz,1013,NBA is on a roll! Adam Silver showing all the other league commissioners how itâ€™s done.
Smaug55,488,Adam Silver for president 2024
heartshapedbox441,459,This is freaking great! This bubble was organized extremely well. Another great thing to add to Adam Silver's resume.
Playbook420,299,MLB: Write that down write that down!!!
TuqiDuque12,248,"Kudos to the NBA. The whole ""players will be safer in the bubble then out of it"" seems to be true.

Now its up to the players to hold their part of the bargain til the end even if chicken wings from strip clubs are delicious"
MisterHibachi,191,"Wonder if there are any broader implications for the success of a test, trace and isolate program to eliminate the virus... Hmmm."
,76,Doomers in shambles
DoyinYale,67,"Ngl, with all the skepticism we had about the bubble, theyâ€™ve handled it all very well so far. Kudos to them."
bit_map,71,So glad we not the MLB
RandomVintage,54,Look at Silver man
BT_48,33,I was 100% a doubter but Iâ€™ll be happy to admit I was wrong. Hopefully this keeps up
Rusell-Westbrook-fan,34,Letâ€™s go! This is going really well so far. Excited for the season to start!
MT_Steve,29,"If the NBA season had been canceled, more NBA players would have been infected than currently are.

Adam Silver is amazing."
ImABoardMan,26,"Great job by the NBA. With daily testing, face mask wearing, and other preventive measures by the NBA, I truly believe that the NBA players and staff are much safer in the bubble in Orlando than being out and about in the ""real world"" if the NBA season was canceled earlier in the year lol

Also, let's say there's no COVID-19 vaccine by the end of this year, so sports would still have to be in a bubble somewhere. If the bubble in Orlando succeeds for the NBA, that would be a blueprint for how they could start off next season. It was kind of necessary for the NBA to try and resume their season, basically lol"
Smellmyhand,21,This is awesome news. And in 2 weeks 6 teams will be going home which only raises the likelihood of things holding the way they are now.
thehumblebeast,20,pro sports without a bubble is suicide right now. it make me wonder if this will be the routine for the 2020-21 season if a vaccine isn't out.
Shaolin718,18,I was a big doubter but great job all around it seems. Some issues thus far like expected but overall seems to be a safe environment.
AcesOverPacific,17,"70% of r/NBA during the shutdown: ""There's simply no way this restart can ever happen, I just cannot fathom how it could possibly work, this will be a shit show disaster and I can't wait to watch it crash and burn."""
SolarClipz,7188,"KAT lost his mother to COVID

And these dumbass MFers still say this shit"
J-Duggs,5035,I hope he deleted it because he realized it was dumb rather than just deleting it for the backlash. He's always seemed very level-headed when it comes to real-life issues so this surprises me a lot
walodapat1,3148,"LMAO. WHY DO THEY KEEP COMING
.
.
.
.
.
.
DUMB NBA PLAYERS I MEANðŸ¤£ðŸ˜­"
Guerillabasketball,2127,"Bruh what the hell is going on? 

I canâ€™t believe how accepted BS conspiracy theories have become over the the past 6 to 8 years. 

Unfortunately I only see it getting worse considering the onslaught of misinformation and the fact that thanks to the political environment we are in a â€œpost truthâ€ world."
AdrianMojnarowski,1685,"Ok, Iâ€™m gonna have to defend Dame here. If vaccines are so effective, then why do people still have Nurk fever"
hlolli_banani,772,Why do these dudes always gotta share their stupid conspiracy theories? They have millions of little kids following them who will eat this shit up
mclovin215,685,At least Instagram is marking it as false information
Deenisdecent,622,Some of these guys are so stupid. There's literally no other answer. I am talented at playing basketball therefore I am now educated to offer alternate theories on how an infectious disease is not real. Clowns. Absolute clowns
GT_God,388,"Ugh jesus christ dame

There's that Weber State education shining through lol"
Agnonzach,375,Dame? Come the fuck on. This dude is so cool in every other way. What the hell is he doing
NippleTanahashi,338,"Why Dame, why..."
NeilingTebow,281,"I canâ€™t imagine living life thinking the government is lying about pandemics, earth and space to control you. Tin foil hat for him"
chem9dog,184,"This one seriously bums me out to see. Dame to me felt like he was one of the sane ones with all this other crazy shit players have been getting into recently. I hope says he regrets it and knows he was wrong, instead of going even deeper with it.

Just hope this doesnâ€™t turn into another kyrie situation where he goes from being one of my absolutely favorite players to my most disliked."
Youknowit36,181,Trump is literally defending this video in a press conference right now lol. wtf
HardenHatesHebrews,85,"Here's some info that goes against the MSM.

Here are the only 2 studies that said HCQ was negative. They are now retracted.
https://www.thelancet.com/journals/lancet/article/PIIS0140-6736(20)31180-6/fulltext 
https://www.nejm.org/doi/full/10.1056/NEJMc2021225

There are quite a few studies that say there is no effect.

There are quite a few studies that say HCQ has positive effects.

https://www.newsweek.com/key-defeating-covid-19-already-exists-we-need-start-using-it-opinion-1519535

Within the article, 12 studies are discussed:

5 are found here:

https://academic.oup.com/aje/article/doi/10.1093/aje/kwaa093/5847586

7 more in the article.

https://archive.org/details/youtube-oaX8-JbaacE

If you watch the vid, there are many people besides Stella that make reasonable arguments that are pro HCQ.

The science is still up for debate, it's ridiculous to be silencing these conversations when so many lives are on the line.

EDIT: Watch this to learn how pernicious what big tech and the media is doing: https://www.youtube.com/watch?v=bxXE0Txdzzo"
Batman_in_hiding,74,Why are people getting so pissed about others getting upset over this? People still use the Kyrie flat earth comment as a reason for why heâ€™s an idiot and a head case yet one thread about another player reposting some seriously dangerous beliefs is too much lol
DxG_DxG,59,"I get why people are upset but why do they keep getting called fake doctors? They do have their doctorate, calling them what they are doesnâ€™t protect them from being wrong"
H1mbi7,61,This week has not been a good week for every sports fan with more than aquarter of a brain.
BigHorizontalStripes,43,"Iâ€™m going to post this any time a player posts stuff like this or anytime Kyrie says the Earth is flat or anytime a player defends that it says â€œitâ€™s an opinion that the Earth is round.â€ Players with a massive amount of influence spreading misinformation like this is dangerous and harmful to the fans who may believe it and spread it themselves.

Tips for avoiding fake news:

**Always check multiple sites for the same story.**

This does two things: For starters, it confirms that the first source you found for story didnâ€™t just make it up and put it out there. It also allows you to compare the reporting from more than one source, which can provide you with more information on the topic, as well as expose you to more than one perspective on the topic as well, making you better informed to form an opinion.

**International networks and newspapers have excellent reporting on U.S. based issues, BUT do NOT waste your time with international papers and networks which are state owned networks, controlled by the national government.**

International sites are some of the best for unbiased fact-based reporting. Just like with U.S. based newspapers and networks, always check more than one on a single story. However, basically any newspaper or network out of China, the network RT, as well as anything owned by Rupert Murdoch, are some of the most untrustworthy networks there are. China owns all of its new media, as well as Russia, which makes the content they push incredibly unreliable and often borderline or overt propaganda. Rupert Murdoch has made a living off of lying and should be tossed into the same untrustworthy boat.

**Stay away from networks with a well known bias, though not every anchor/reporter on those networks is bad**

Some entire newspapers/networks have built their reputation and content to service a specific side of the political spectrum. Fox News(conservative), OAN(conservative), ThinkProgress(liberal), and MSNBC(moderate liberal leaning) are all examples of this. However, just because these networks have this reputation does not mean they are complete devoid of quality reports/news. Some anchors/reports are great at one thing(investigative reports/special interest pieces) and awful at another(breaking news and unbiased political reporting). A little bit of basic research or even just taking the time to watch them and see for yourself if they can inform you accurately and responsibly.

**It is perfectly okay to deem one â€œsideâ€ of a debate unworthy of your time, in certain instances.**

This is where common sense comes in. If two people are arguing about racism, one saying it exists and one saying it doesnâ€™t, we donâ€™t really need to give the â€œracism doesnâ€™t existâ€ argument the time of day, because we know thatâ€™s not true. Same goes for established facts and scientific evidence being disputed. A lot of biased and disreputable newspapers/networks will argue against hard data and facts as if they are opinion. If you see this, you can disregard that source and/or reporter.

**If itâ€™s not a .com, .net, .co.uk(or other international domain) .edu, or sometimes .org, itâ€™s likely not a reputable news source.**

This isnâ€™t *always* true, and just because it does have one of those domains does not mean itâ€™s reputable. Often conspiracy sites disguised as news organizations will have the lesser uses domains like .tv and others you may not see normally.

**If you really want to be thorough, looks up what person or company owns a newspaper/networks and compare that to their content to check for biases.**

You donâ€™t usually have to go to this step, but it can help shed some light on *why* a newspaper/network had the bias they have.

Any of these step will maybe take fifteen minutes to do. Generally, youâ€™ll know youâ€™ve found a quality newspaper/network of all of their articles include links to actual sources, not just another article on their site or another with unverified claims.

Itâ€™s just about being thorough, and using your best judgement. If you have some tips you use to weed out fake news, feel free to share them in the comments below!

Also, adding the process of looking up a site on FactCheck and MediaBias to check their reputability is a great practice, and Google Scholar is great for fact checking a story as well."
the_second_cumming,38,"I see that a lot of people didn't see the video are thinking Dame is anti-vax or doesn't think COVID-19 is real. The linked video is a women in a lab coat defending the use of hydroxychloroquine. I don't know if this woman is a real doctor or not, I'm just trying to let people better understand the situation."
SandorTheLumberjack,5250,"they should, and I wish more people knew about Mahmoud"
throwawaythursday99,1063,And Craig Hodges.
tha_carter,719,"Its sad because NBA's tactics are actually working - people actually think that the NBA ***cares*** about BLM.

NBA is an amoral institute, that cares solely about their bottom line: profits.

They are doing all this to protect their investment (the players) and not because of some morality.

They will not just apologize to  Abdul-Rauf out of the goodness of their heart.  It has to be affecting them financially or have the likely potential of affecting them financially.

If the players or consumers speak out against it and it affects their profits, they will surely do something.  Otherwise, don't hold your breath."
pninify,387,Iâ€™m black & politically active but I feel like Abdul Rauf gets misremembered. He definitely got more shit than he deserved while playing but the idea that he was black balled goes against the facts that he was a career average 3 point shooter even tho he could catch fire & had a few great shooting years. And his last season in the NBA he put up garbage stats. Respect the hell out of him and he probably sacrificed career earnings for making political statements but he wasnâ€™t a great or even undeniable role player when he left the league.
gusperoni,291,Steph curry before steph curry
CarsonnWellss,251," LSU LEGEND. Shaq & Chris Jackson, name a better college duo."
jaylson,68,"I agree that his activism probably prematurely ended his career, but he was legitimately bad in his last season in Sacramento (7/1/2 on 40.5% ts), and was clearly washed when he came back in 00-01. Even his second to last season in Sac, when he was getting real minutes, was generally poor. 

He was well on his way out of the league by 98, the blackballing just ended things a year or two early."
sdhydro,21,"this all a pr stint for the nba mlb nfl , they didnt support mahmoud not kapernick when they did it.

they honestly dont give a shit and are doing this for the money it brings in because people are watching ."
Riskyshot,16,"Adam Silver doesnt owe him a gesture of apology, he wasnt the commissioner back then. He could acknowledge what happened & show him respect but he doesnt owe him an apology in any shape or form"
don_stinson,18,"No, his notion that ""the flag was a symbol of oppression and that the United States had a long history of tyranny"" is ridiculous and offensive.

Especially in 1996 when the black community was actually begging for more police in their communities to combat the crack epidemic.

Oh, and he's probably an anti-Semite:

[https://www.chicagotribune.com/news/ct-xpm-1996-03-16-9603160094-story.html](https://www.chicagotribune.com/news/ct-xpm-1996-03-16-9603160094-story.html)"
Marauder126,15,"BLM the idea if fine, but BLM the organization is a racist and marxist movement and I think less of anyone who supports the org."
sirenenoirette,10,"somewhat related, didn't the most famous player in the league defend his right to protest & say he was a good guy?"
,8,[removed]
Bukmeikara,6,"This is why you shouldn't involve sport with politics. One door leads to another again and again and again ..

What happened 30 years ago should stay 30 years ago. We as people can't compensate the actions of those before us. An apology won't do anything for Mahmoud except bringing some cheap wokeness for the NBA"
Jakefromstootfarm,8,Crazy that LSU team didnâ€™t win a title with him and shaq on the same squad
Bigballerbooks,9,Remember how Lebron was going crazy with BLM? Well donâ€™t forget his silence when it came to Hong Kong. NBA is at the end of a day a company. They only care about money
JDuggernaut,5,"I donâ€™t think he was ousted from the league over politics so much as he just wasnâ€™t a NBA-caliber player at the end. When a shooter is shooting under 20% from 3, youâ€™re toast"
Rockchisler,5,Craig Hodges as well
ThisAintSaturday,5,Aaaaaand Craig Hodges
Guts_rage4,5,"Nope. Heâ€™s a piece of garbage and so is every coward who kneels in the NBA / professional sports.  

BLM group is a bunch of swindlers and the sheep fell for it."
Stand4theTr00ps,4443,Fucking insane that if any civilian were to hop in and stop it they probably would've been locked up for multiple years.
clayfu,1319,Doc fucking gets it
capitalistsanta,940,"Dave Chappelle said it best, George Floyd had a man choke him out for 8 minutes. Thatâ€™s an eternity."
ButFirstPearlJam,715,"Seeing that video in it's entirety was so traumatic. Can't imagine the pain he felt. And his family felt. 

May god look over them."
SkateClub,524,Less than shit Chauvin better rot in prison for life
happyheartpetcare,163,I'm loving the nba is back but it hasn't felt like such an insignificant game in my entire life as it does since 2020 arrived.
ryuujinusa,89,Closer to 9 minute. Still makes me sick. Those Cops need to rot in prison till the day they die.
bbqoyster,85,"Good. Because one day we will stop talking about this. 

But when Doc and the players keep at it this way, today is not that day."
the-big-aa,51,"I donâ€™t know why Iâ€™m about to cry but Doc said something so fucking real. I remember every protest Iâ€™ve done where we kneeled for 3 minutes straight I had to switch knees, die ins when I got bored after lying dormant for 5 minutes. Eric Garner was choked out for 9 minutes before getting murdered. George Floyd had a knee on his neck for 8. Both of those scenarios could easily happen to me...

Iâ€™m not always out in the streets protesting, especially with unmarked cars hitting NYC now. But when I do, itâ€™s to fight against the society we live in."
Son_of_Atreus,34,"Damn, that is a good connection. So glad how this is constantly coming up and is not getting dropped."
spedtronics,23,And 14 min on Tony timpas
Pipes_of_Pan,12,Doc's point is what I keep thinking about from going to rallies where we all kneel in silence for eight minutes in the street. It fucking hurts. I can't get it out of my mind.
SMALLWANG69,9,"Remember Tony Timpa. The tragedy identical to George Floyd that nobody talks about.

https://youtu.be/_c-E_i8Q5G0"
yenks,5,"The police need to realize they are on the side of the people, the politicians and corportations who they are defending don't give a fuck about them. They need to do their job which is supposed to be protect the common people, but all they do is protect the government's interests, that's all they're here for."
kbpierce8,2,And 46 seconds
GenericKennyPowers,2,"Damn, as someone with bad knees that is such a good analogy. It is so difficult to keep weight on my knees even with something cushioning underneath. Shit is not right."
hipsterusername,2,If you want to get really mad today check out what r/conservative is saying about the matter.
intecknicolour,2,"NGL, doc had me in the first half"
supersaiyanjesuz,2,Really speaks to the perseverance of officer chauvin.
Ramzaa_,2,Yeah but the other guy was trained to put his knee on people's necks so it isn't really a fair comparison
MMDroxy,5373,LeBron played phenomenal defense this game
PeteOGrande,5343,â€œThat was a bad shotâ€ - Paul George
Smekledorf1996,2451,Kawhi just dumped it off to PG lol
JetGan,2286,35 and playing that level of defense is crazy
relaxyourfnshoulders,1177,LeClamps
gustriandos,1074,lebron did a phenomenal job on kawhi tonight
Bigbadbuck,947,Lebrons defense was actually insane down the stretch. He knows exactly how to play kawhis step back. Kawhi might have to take it to the rim or add some wrinkle cuz lebron looks like he has that move figured out.
jadcntrs,649,Gg lakers! Lebron is a beast goddamn
JacobMoses8,618,Good shit lebron. Age 35 strapping kawhi and Paul George in their prime.
MasPatriot,496,I was told LeBron was a negative defender at this point in his career
OkBarber6,373,That was insane defense. Ben Taylor was absolutely right
henstobs11,265,Bron fucking balled on D tonight. He looked 28 out there
Somali_Kamikaze,245,When will people learn that LeBron doesn't jump at pump fakes?
SolarClipz,224,Le17seasons
OkBarber6,208,If you want to show a young player how to play defense just show film on Lebron playing defense in the 4th quarter. Insane.
Anal_Iverson,194,I like that PG waited until after the shot missed to complain about the missed call lol
PerishShakeMilton,172,Why does it seem that 90% of r/nba are just now remembering that LeBron James has been the best basketball player on the planet for the last 10-15 years?
CuprousOxide,131,LeBron has some outstanding defensive sequences in this game. He can still put the clamps on when he wants.
SuperBatSpider,76,The fuck was that Kawhi lmaooo
ErickBachman,76,LeClamp Games
DestinySaber,5867,"> picking up food

Sure buddy"
ForeingRedditor,4317,10 day quarantine like Im Lou
The_Sign_of_Zeta,2072,"I know 10 day was the max quarantine period, but I felt they should have instigated the 14 day quarantine that anyone with possible exposure is supposed to follow outside the bubble."
Sim888,1832,"Lmao....â€œPicking up foodâ€

A Cinnamon lap dance ainâ€™t food"
jakejakejake97,1290,Titties before titles.
Fire-Elton-Brett-AL,868,Seems too light tbh. This bubble needs to be taken seriously or everyone gets fucked over because of a couple dudes breaking the rules
Dammit81,788,"""Wings before Rings!""

-Lou Will ....probably"
RODjij,715,"Nice, little slap on the wrist for jeopardizing the bubble and season."
spidey2-3,451,Picking up food right lol and how some nba reporters are backing in wtf sure he got food but there is also a pick of him dancing
Balls_of_Adamanthium,285,This fool wasn't just putting in jeopardy games being played. He was fucking with everyone's money. His teammates and NBA players should be irate. NBA should've come down harder on him to ensure we don't have to deal with this selfish shit again. Grow the fuck up.
CMPumpkin,193,Lou Williams out for 2 games (picked up food)
TimelyJunket0,182,Who will be the next player to pick up food from a strip club?
kokin33,179,not enough. Now everyone inside knows you can break the rules and get off lightly
GosuWannabe32,101,LeBron's fuming that he can't exploit his defense now
idonaldshoewhou,91,[magic city food menus](https://www.magiccity.com/menus-2/)
cryptoking94,64,"He picked up cherry, cinnamon and basil"
garbagetimethrees,52,My biggest question in all this: Why are strip clubs open during a pandemic??
recoverybelow,47,"Picking up food? The nba just sent a message loud and clear - we donâ€™t actually give a fuck about the bubble rules, come and go as you please"
inshamblesx,46,Yall talking like he should be banned from the NBA lol
I_Hate_Traffic,42,Imagine Rodman in the bubble lol
Cheechers23,4997,Heâ€™ll be gone before those 5 years are up lmao
kguner,4784,That Redditor who called it that Knicks were waiting for woj to come back to announce it
AbdulGOAT,2655,RJ getting worn down jokes otw
Dongsquad420BlazeIt,1681,"Welcome back, Woj."
KAT-MoreLikeGOAT,888,Iâ€™m sorry
Captain_Saftey,864,Everyone's joking how he'll play RJ 48 minutes and I'm here actually happy at the prospect of a head coach giving majority minutes to our young guys
melennia,610,Better than Kidd
JayDee62,473,So I guess we're stuck with Mark Jackson. [Sighs]
MidLaneBanter,471,"RJ Barrett playing 49 minutes a game next year and the year after that and the year after that and the year after that and then once his knees explode, Tom will be fired"
_go_fuck_y0urself,418,not bad. could be worse. dont know about a 5 year contract tho
RicoGemini,195,I told everyone yesterday that Leon was waiting for Woj to be off suspension so Woj can break the news and people were telling me that's absurd
ryl0_k3n,131,for all thibsâ€™ faults I love him lmao. Penguin lookin ass on the sidelines screaming his lungs out never gets old
thy_armageddon,102,"Jesus couldâ€™ve had a second coming and said he was coaching the Knicks and this sub wouldâ€™ve still been like, â€œNot even God can save the Knicks.â€  Yâ€™all are so predictable sometimes."
rostron92,70,"Decent coach, awful GM. People expecting him to grow and change might be a bit disappointed. He spent a year hanging around the warriors and Steve Kerr before taking the Minnesota job and that didn't have a whole lot of influence."
IMKudaimi123,64,"Of course I come in here to the same dumb jokes that people actually believe. Thibs is not going to be in charge of personnel decisions. All his hard working players loved him in Chicago and 5 former Bulls followed him to Minnesota. Sure he's intense but the narrative he played his guys too much is always overblown. He only plays them slightly more than others. His scheme in Minnesota was a struggle but he still has done better in Minnesota than they have before or since. If he's taken the two years off to study and change his scheme, he can change the culture for the Knicks so they are a hard working team and they can possibly make the playoffs within his contract"
MakurMaker_KDplusKG,53,Good hire as long as he's not GM
SchaySchay,53,Lots of salty twolves fans here... I mean I get it but thibs was still one of the more respected coaches in the league available. Sucks as a gm but heâ€™s a good coach.
ty9023,46,RJ getting 42 mins a game
bigvahe33,47,all this negativity man wtf. im happy for the knicks.  this is a good coach and the team is heading in a good direction.
Talentagentfriend,48,"I know there are a ton of jokes here about Thibs, but Iâ€™m excited to see what he can do with Mitchell Robinson. Hes never really had a player like him and I think he can help him grow a lot."
NBA_MOD,1,"**Replays/alternate angles**

*I am a bot, and this action was performed automatically. Please [contact the moderators of this subreddit](/message/compose/?to=/r/nba) if you have any questions or concerns.*"
moneybooy,3870,SHOOTERS WILL GET HOT IN THE BUBBLE
radicalheadphone,2183,Western conference playoff teams just shut their laptop down and walked out the room
JKMiles665,1983,Dude was a +29 in 15 minutes.
Superfobio,1380,"Give us the trophy, immediately."
crautzalat,1131,"Dre looking like ""Steph Curry meets Kawhi Leonard"" in his first games back is yet another thing I did not have on my 2020 bingo card."
DudeWTH,503,2020 is wild
CP3_for_MvP,415,Passed up two easy open looks earlier on and then does this
XpLoZiioN,353,"The comeback of Roberson is hopefully the beginning of good things finally starting for 2020. . . We've had enough pain this year, let us have some more nice things like this.

Keep it up Robes"
ashwinr136,305,#WHAT FUCKING TIMELINE IS THIS
Fuck_Jesus_,289,"Say what you want about CP3, but the way he's handling himself on this Thunder team is the most professional shit I've ever seen. Compare this to Iggy on the Wolves."
WrickOfTheFlist,244,"that's a wrap, sorry Western Conference"
wylin247,216,Roberson>Durant & Westbrook
Girizzly_Adams_Beard,166,What an incredible journey heâ€™s had! So happy for Roberson.
JannikAtticus,164,This is honestly one of my favorite thunder moments. So happy for Dre. Glad to see him back.
Jeffpardy,66,So happy for him
TheFreshPrinceTWP,57,Obligatory Andr3 Rob3rson.
GOAT_Redditor,36,God our scrubs are awful
killzer,33,YOU LOVE TO SEE IT
ShoutOutTo_Caboose,35,"Oh my God if the Thunder are gonna be actually good and not just along for the ride, sign me up for that hype train."
stancehunters,3800,They need to make an example of him to show players that this is unacceptable
BrandonInGOAT,3376,"Sources told ESPN that Williams has been interviewed by NBA security about his whereabouts while he was away from campus, and told them he did go to the Magic City gentlemanâ€™s club for a short time on Thursday night

https://twitter.com/ramonashelburne/status/1287162008530370560"
SSNappa,2335,"Lou Will: ""those pictures are 2 years old""



Adam Silver: ""we just handed out those masks last week"""
serkat,1106,"And if Jack Harlow didn't post it, Lou would have said nothing, i wonder how his teammates will feel about this.If it was me i would want him out"
ZenMon88,927,"14 days or any less suspension is pretty bad precedent. Players can just freely leave the bubble under  ""urgent matters"" with no transparency. I get the no snitching shit and doing things low-key but these rules aren't putting you in jail rather spreading the virus now. Players gotta know it's a whole different ball game. Corona doesn't fucking play."
ElPlywood,717,"Kick him the fuck out of the bubble

He could destroy the whole restart that hundreds and hundreds of people have worked their fucking asses for. 

Dock his pay

Selfish dumbass"
TuqiDuque12,641,"Seriously, going out is one thing, but being stupid enough to take a selfie AND letting your friend post it on social media might be even dumber.

The NBA has to at least suspend hm some games IMO"
sdhydro,505,suspend that no defense midget
RandomVintage,454,"If the NBA actually gives a fuck, they would not let him re-enter the bubble. 

The NBA isnâ€™t spending millions of dollars to not cancel the season WHILE youâ€™re still getting paid millions of dollars per year just for you to exit the bubble to hit the strip club and potentially infecting yourself and everyone else. 

Goddamn. This pandemic has taught me how fucking stupid and materialistic people are."
Barnnz,252,Irresponsible. Ban him for the rest of the playoffs.
ElKapitanFlash,250,People that were defending Lou will: ðŸ¤¡
skakembo,241,Lou Will riskin Docs and the teams health to hit the strip club...lucky he can't just get cut
LiveFreeFratHard,183,"10 actual games


The fucker literally snuck away to hit up a strip club"
SuperSaiyanBojack2,143,Good. Iâ€™m a clippers fan but I think he should just not be let back in at all. Heâ€™s not just risking the bubble heâ€™s putting peopleâ€™s lives at risk. Not just the players but the staff and hotel workers too. What an insanely selfish and idiotic thing of him to do. Send him home
tittymilkmlm,139,Lou will said I donâ€™t care if I jeopardize this NBA I gotta see tiddies rn!!
Authh145,89,shouldn't be able to get away and risk other players lives
fourpinz8,62,No snitch hotline required
HokageEzio,62,Should be the easiest investigation of all time.
LeBron_Jarnes,42,"What's poppin'

Snitch hotline, just caught him"
zannet_t,42,"So it looks like Lou's defense is ""I went to the place for the wings and there was no stripper."" He was tested every day still, so they would know immediately if he caught corona. It's going to be tough to find out whether he engaged in adult entertainment though, because unless someone took pictures at that time, there's a great incentive for everyone investigated to lie about it.

Even without conclusive finding about the presence of adult entertainers, I think the league should at least make his quarantine period the max and consider a few games of suspension.  The issue here is he went and ate/partied with a friend where alcohol seemed to be involved. At a strip club. At a time when everyone is making sacrifices to minimize exposure so this billion-dollar enterprise can hum along. You CANNOT have people not be completely forthcoming (Lou's friend tried to lie about this being an old pic!) and taking extra risks by hanging out with people they don't need to see because they feel like it. An example really needs to be set here, not just some slap on the wrist because then other players will just do the same thing. I don't like that we may be punishing him for just going out, getting drunk, and having some wings (whether with or without strippers). But this isn't normal times. And the next time this kinda shit happens the league should consider a lengthy suspension or outright expulsion from the bubble.

People rightfully shit on Dwight for not having a mask on earlier. I think it's the same logic with Lou."
WeathrNinja,1599,"Props to the NBA for not going against this in any way shape or form.

Also great to see both teams locking arms and getting everyone doing it together including coaching staff. Rival teams unifying to make their statement."
SerTimtheDuncan,1317,Playing the national anthem for *no one* is sort of weird though.
dallassucks976,738,If you donâ€™t like them doing this then either ignore it or donâ€™t watch. Iâ€™m tired of people bitching about Kneeling.
Grimthe18,473,the trap remix of the anthem  sounded fucking awful imo
suzukigun4life,350,"Never expected the Star Spangled Banner to get a trap remix. I gotta say, I don't hate it"
LeGokuJames,155,"""I will never watch the NBA again! I'm going to watch underwater chess from now on!"" - Racists"
tantouz,149,America where everything is over produced
EarthWarping,139,45 meltdown coming
Pokerbratkfc,70,I bet they stand for the Chinese anthem
ReedSharkSlasher,62,Gotta sort by new on reddit always now for real opinions. The first 3 comments are all fake upvoted awarded post.
Soccerisntwrong,56,If only they also cared about the Hong Kongers or Jews
PatDubzz,47,"I donâ€™t mind people kneeling, have at it. However, my question is this. If one player decided to stand while everyone else took a knee, would people try and shame that player?"
StrikerBoy467,48,"Kneeling during the national anthem is a very powerful statement that breaks tradition and which many americans do not agree with. My question is what exactly do the athletes hope to achieve out of kneeling? What are the goals? The only goal that I have seen from the black lives matter movement, not the organization, is to arrest the cops who killed breonna taylor and to defund the police, but even with the latter there does not seem to be a common consensus. I mean no disrespect btw."
TheGints,39,Whats up with American anthem and constantly remixing it? I'm pretty sure that it is not allowed to remix anthems in such ways in Europe
KayRay1994,29,"tbh as far as protesting goes kneeling is actually a very respectful way of doing it - never understood why people saw it as such a big deal, especially since vets approve of it"
JBJesus,34,At this point itâ€™s hardly a protest. Itâ€™s not a protest if what youâ€™re doing is mainstream.
BucNasty92,32,"Republicans: PROTEST PEACEFULLY

People: *kneel to protest peacefully*

Republicans: NOOOOOOOOO NOT LIKE THAT REEEEEEEE"
ryl0_k3n,28,lmao to everyone bothered by this thereâ€™s no need to announce You didnâ€™t watch. Lol
doth_thou_even_hoist,26,truck selfie twitter bouta have a whole lot to say about this
Smitsta,27,Do any of the players have a choice to not kneel without getting blackballed by the league?
Maydietoday,3033,I initially read fired and immediately thought they broke some kind of employment/unemployment speed record.
Cacklemoore,1666,I will literally eat whatever a Knickerbocker is if this man serves all 5 years of his contract
RicoGemini,840,A little late huh?
thy_armageddon,650,"Weâ€™re at an equilibrium with any Knicks related affair.  There is no right decision that can be made, any failures will be met with ridicule that has already existed, and if the team somehow turns around we will become the most annoying franchise in the league.  There are no in-betweens on this."
bladegmn,254,Canâ€™t wait to see the Knicks put up a top 5 defense and average 89 points a game.
UrbanJatt,203,I think this will be good for mitchell robinson.
rustyphish,176,am I having a fever dream or didn't we already know this?
PiperPerriDaPlatypus,139,"Tom Thibodeau, owner of the Thimmsdale Thibodeaum?"
urasha,68,"Ppl are gonna hate this move from r whatever reason (injuries, his time in Minn, etc)

Imo I think thisll be a good hire.

He's shown to develop Rose, Butler, Deng, Noah, Gibson etc & even Wiggins performed decently under him.

He shouldn't be POBO at all & given control over roster decisions which is exactly what he won't be doing. 

He listen to a [few new podcasts](https://open.spotify.com/episode/6VHcQVbAJ6xApHWFSSMfFm?si=Kat3CzpvS_KTkLCLTcZQHQ) featuring Tom Thibodeau you can tell that he's trying to learn more about the modern game and that he's learning from his mistakes.

Imo this is a good hire & really Kenny Atkinson atm doesn't have a track record like Thibs who brought winning to every situation he's been in"
iheartobama,48,"Prediction: make 8th seed first year, 2nd year and injuries cause them to miss playoffs, 3rd year play very poorly and team mutiny cause him to be fired after all-star break"
analEVPsession,40,Nail in the coffin for DSJ.
RLDN106,37,This is a mistake
Jedifice,34,"As a huge fan of Thibs during his time with the Bulls, let me be the first to say: LMAO"
IAmADopelyLitSavage,28,I really hope Tom has changed his coaching style and doesnâ€™t make the mistake like he did with the early 2010s bulls where he thinks the regular season is meaningful at all and goes 100 mph during it.
TheTranquilBeavers,22,Woj:  RJ Barrett's knees have just announced their retirement from the NBA.
AlexThomasLFC,14,Tom Thibodeau? Owner of the Thibsdale Thibadome?!
likecamp,11,Watch out RJ is gonna play 40 mins every night
modsarefailures,13,"And Woodson as an assistant. Idc what any of the haters say - things are lookin up in NYC. 

Not that thereâ€™s anywhere else to look, but with a solid young nucleus and a stockpile of picks - we may just be seeing the turn around Iâ€™ve been waiting for. 

Excelsior"
Joetheshow1,8,Good hire fuck this subs hivemind
perserved,10,Taj and Thibs
SeparatePrice,3518,He said last year in an interview he rarely played basketball anymore because he was too competitive for it just to be a pick up game
jaylson,1658,"> kids at the park

Not sure who else he's playing with, but that's Tom Brady on his team

Edit: Keegan Bradley was also in this pick up game"
Asswad123,1057,â€œThe guy was wearing LeBrons and I took that personallyâ€
aparrilla43,841,That was all he needed
icemat23,573,"I acquired a YouTube and looked this guy up, did you know he won 6 championships?"
VanVleet-goes-for-22,474,Asking if kids have a YouTube requires a different level of wealth
sirenenoirette,192,"omg i love this guy, whyyyyyy the fuck couldn't he stay young forever so we could watch him again right now"
Deeger,167,"This is from 2015

https://www.sbnation.com/lookit/2015/3/28/8306647/michael-jordan-played-pick-up-basketball-with-tom-brady-talked-so"
Frostedbutler,142,Fuck them kids.  -Mj
1derful,128,"""Todd wore khaki shorts to the pickup game, so I took offense to that."""
Nero1988420,82,So Michael is beyond Youtube? Mother of God...
rhd420,52,LOVE MJ but man that's a straight up Al Bundy 4 TD's in one game comment on STEROIDS
livindedannydevtio,51,"""You guys still have netflix? Look up the Last Dance, a 2020 American sports documentary miniseries co-produced by ESPN Films and Netflix. Directed by Jason Hehir, the series revolves around the career of Michael Jordan, with particular focus on his last season with the Chicago Bulls. The series features exclusive footage from a film crew that had an all-access pass to the Bulls, as well as interviews of many NBA personalities including Jordan, Scottie Pippen, Dennis Rodman, Steve Kerr, and Phil Jackson. For real!"""
Bladex20,33,12 rings on that court
vraie21312297238,22,Fucking legend lol. IDK why this clip made me so happy
weekendpostcards,22,I'm pretty sure Jordan could be 80-85 years old and win pickup games in the park against decent players. He'll be a real life Uncle Drew.
midgetman433,19,"how old do you think he needs to get to,  before the nephews can take him 1v1 in a pickup game?"
InOutUpDownLeftRight,17,I'd watch a channel that shows nothing but old MJ playing young kids in pickup and destroying them while calling them all sorts of obscenities.
XkrNYFRUYj,13,"> Hey Veach! How can Brady play pickup but I can't?

Mahomes probably."
PM_ME_OVERT_SIDEBOOB,8,Those â€œkids in the parkâ€ are Tom Brady and some friends/teammates.
NBA_MOD,1,"**Replays/alternate angles**

*I am a bot, and this action was performed automatically. Please [contact the moderators of this subreddit](/message/compose/?to=/r/nba) if you have any questions or concerns.*"
SpiritBamba,1664,LOL the way harden looks at russ like â€œwhyâ€™d you set me upâ€
basketballjonestown,1564,I didn't know he had it like that.
RealMikeHawk,810,"A message from Purdue fans, if Carsen jumps off his right and cocks that left arm back, somebody is getting murdered"
HolyAty,712,"Harden reaction after is great.

""Why the fuck would you let him dunk all over me?"""
ItsLittyLitLit,583,*Carsen Edwards catches two MVP  bodies*
taco_whisperer,405,Carsen Edwards is a little rascal. He's got a long career of getting into all sorts of mischief and shenanigans like this
Jaylen-,337,"Literally dunking through 2 MVPs. Sixers and Thybulle fans in shambles. Sure you have a guy who is one of the premiere defenders in the league, but our guy scored 30+ pts in preseason once and did this thing"
Tr1pline,168,"How come guards can jump high as hell when they dunk on offence but when on D, it's like they hop scotching?"
WeakFlame,122,C4 KABOOM
zpeky,94,Man imagine being 5'11 and dunking on two MVP's at once
pixarfan9510,87,"as a purdue fan, *chef kiss*, as someone who doesn't like james harden, *double chef kiss*"
ingrate_mongrel,60,This guy runs the preseason
gustriandos,60,*Carson Edwards' thighs dunk on Harden
H-TownDown,46,Well at least heâ€™s from the Houston area.
Himynameisart,35,Love Carsen. **BOILER UP**
ayofiresale,39,"watched this man every college game he played and hes a f*^king highlight reel. 

if he can adjust his game from the volume shooting, shot creator role he fulfilled in college, youre going to see WAY more highlights - logo length threes, ankle breaking handles, and high energy, floaty dunks."
FMG84,25,"Harden with the dirty look at Russ, like he hasn't been blown by like that 5000 times before"
srstone71,26,"If youâ€™re just seeing this highlight and are curious about the score, the Celtics are resting Brown, Tatum, Kemba, Hayward, Smart, Theis, and Kanter. They basically started their third stringers. Meanwhile Harden and Westbrook are still out in the third quarter playing hard. I have no idea whatâ€™s going on."
ElderGoose4,25,Lmao Harden being like â€œwhat kinda D is that?â€
pickledhoney,4151,EVERYONE should have backed Morey
JessumB,1164,"Better late than never I guess.  From the very beginning, this was the only thing that he or anyone else needed to say.

>""I would just say Daryl, has a right, as an American, to free speech. He can say anything he wants and we should support him in that and that's the main message. ""


That is it.  Had he said that from the get go, there wouldn't have been any criticism, at least not by anyone reasonable.   People didn't need to jump into a topic that they might have been unfamiliar with, just back up Morey being free to speak his mind and say what he feels.   Instead he was just left to dangle in the wind and even attacked by LeBron and others."
chanigan,1028,Has china still blocked Houston from being played in their country?
,796,[deleted]
popolopopo,363,"It's not up to individuals in the NBA to lead change against China. What LeBron said regarding Morey was a travesty though.

I'm just so sad that the entire world is so afraid of China. It's kind of hard to fight or care about it when the leaders of the ""free"" world kneels to China."
Ld511,185,Fair enough for him admitting it. Kerr is probably the person who took the most shit for not saying anything because of his history but speaking out against China at that time would probably cost a ton of money for the people around him for example klay who has a china shoe deal and such so its a difficult situation to handle
Hey_just_asking,99,Guess his brother-in-law finally got back to him about the whole china thing.
technicallycorrect2,91,"uh oh steve, lebron's gonna be coming for you."
Michael_Crichton,89,People should be commended for owning up to their mistakes and correcting their errors. This was a delicate issue with many stakeholders and a sensitive topic.
lysergikfuneral87,48,I can't remember if Pop said anything about the China issue. As outspoken as he's been about political matters and as closely as I follow the Spurs I can't remember any statement.
splanket,38,He still canâ€™t even give a â€œputting millions of uyghurs in concentration camps is badâ€
etiolatezed,23,"He says he should have backed Morey's right to free speech, but doesn't comment on what is actually going wrong in China. 

So still rather hypocritical. Protecting his money over anything else by still avoiding discussing the prison camps and slave labor. He says its a complicated issue, but it's really not. It's far less complex than the gun issue which he spouts off about with great ignorance. 

If Kerr speaks from his heart it sure seems  he's speaking out his ass."
HesburghLibrarian,21,"""Well I would first of all back up Daryl,"" he said. ""I would just say Daryl, has a right, as an American, to free speech. He can say anything he wants and we should support him in that and that's the main message.""

Still a fucking coward. Free speech was never the issue, shithead. He gets zero credit for this."
heavy_hiker,19,Good job Steve
Conspirador,21,"What a socially, spiritually, financially, physically and emotionally convenient time for Kerr to say this."
NinjaHatred,22,LeBron is the biggest piece of shit in the league.
logontoreddit,21,"While he is at it... maybe he should grow a pair and speak up on Uighur and HK. 

P.S. I like Kerr but still a bit salty about how most of them threw Morey under the bus when the whole thing happened. Also, them not speaking out."
Diesel_Rugger,23,Why is this so hard
SimpCityPopulationMe,17,When the cash they provide is not worth more than pride thatâ€™s A-Morey
buyticketsfromme,12,"PR move in Hindsight, means nothing now"
